county_name,year,county_per_poverty,median_household_income,county_per_bach
ALBANY,2009,0.11835114851797104,55350,0.190368191457453
ALBANY,2010,0.11940519419008526,56090,0.19718856324240436
ALBANY,2011,0.1207243129784805,57715,0.1989825768769275
ALBANY,2012,0.12375250811957532,59359,0.19755044931420462
ALBANY,2013,0.12297275606903849,59394,0.2045351763734319
ALBANY,2014,0.12861781500307065,59940,0.20119978596289698
ALBANY,2015,0.1279796268168853,59887,0.20136846645492687
ALBANY,2016,0.12260507777102936,60904,0.20611461596152997
ALLEGANY,2009,0.1521532262962888,40917,0.09468291241091661
ALLEGANY,2010,0.14919051013135118,41305,0.09019851522386108
ALLEGANY,2011,0.14839460309036354,41900,0.08712903754713887
ALLEGANY,2012,0.15289636955586952,42095,0.09225430498264912
ALLEGANY,2013,0.14745567485293512,42445,0.09361813483366589
ALLEGANY,2014,0.15245830491660983,42726,0.09504335023719941
ALLEGANY,2015,0.15154982317453713,42776,0.0983381313792201
ALLEGANY,2016,0.15270440251572326,44085,0.10131695622187921
BRONX,2009,0.2710533039842088,33794,0.11091250630984004
BRONX,2010,0.2758095517033078,34264,0.11158451873729924
BRONX,2011,0.27730317264819476,34744,0.11341209845482846
BRONX,2012,0.28551808904443565,34300,0.11693928724854778
BRONX,2013,0.2901743701312875,34388,0.11710720292352733
BRONX,2014,0.2968237775951034,34284,0.11794294302816749
BRONX,2015,0.29934673194446487,34299,0.12327674514986355
BRONX,2016,0.2976889374541076,35302,0.12513381745145286
BROOME,2009,0.14278030213770881,43467,0.14127255921082538
BROOME,2010,0.14714846317802435,44457,0.13635513948810743
BROOME,2011,0.15398507343550447,45619,0.13799414348462666
BROOME,2012,0.15658136929294547,45856,0.1401967516570132
BROOME,2013,0.16521992192596013,45958,0.14427639606525766
BROOME,2014,0.16864942629918964,46368,0.144695483568004
BROOME,2015,0.16969302297405764,46261,0.14988306454684655
BROOME,2016,0.16528439920762383,47744,0.1538567609183603
CATTARAUGUS,2009,0.15065526640032856,41482,0.09627802775006118
CATTARAUGUS,2010,0.15332524512231355,42466,0.09677539817390818
CATTARAUGUS,2011,0.16090111583289843,42754,0.09342431530473368
CATTARAUGUS,2012,0.16603048674001447,43202,0.09044973150357995
CATTARAUGUS,2013,0.1735875086223114,42603,0.09247961791757617
CATTARAUGUS,2014,0.17126591684824363,43503,0.10233175142931879
CATTARAUGUS,2015,0.17671791494642994,42601,0.10303699820251648
CATTARAUGUS,2016,0.16896797696991311,43884,0.1037890030620104
CAYUGA,2009,0.11487111533365002,47414,0.11163665583111143
CAYUGA,2010,0.11305342467456578,48415,0.11164504823499656
CAYUGA,2011,0.11637823549947633,50140,0.11164386021621234
CAYUGA,2012,0.11521826091304566,50950,0.11000556762872897
CAYUGA,2013,0.12011232715283263,51581,0.11863950462173561
CAYUGA,2014,0.11776399391049433,51792,0.11843310523196293
CAYUGA,2015,0.11380142220201331,52082,0.12546543629593654
CAYUGA,2016,0.10781513778353198,53114,0.12778901003682577
CHAUTAUQUA,2009,0.15508882889064574,40179,0.11028149198506686
CHAUTAUQUA,2010,0.1634149767490001,40639,0.11419389275626626
CHAUTAUQUA,2011,0.16899968893036485,41432,0.11513223747136152
CHAUTAUQUA,2012,0.18231933372461906,41975,0.11388719088635732
CHAUTAUQUA,2013,0.18178836578311816,42429,0.11382456295934995
CHAUTAUQUA,2014,0.1849935607535416,42720,0.11476844670950587
CHAUTAUQUA,2015,0.1801335886494881,42993,0.11326269638290098
CHAUTAUQUA,2016,0.1852779548835656,43211,0.11325982157699341
CHEMUNG,2009,0.1472873492814283,42420,0.11463545689626221
CHEMUNG,2010,0.14262524236821933,44502,0.11590153907192806
CHEMUNG,2011,0.154207661358488,46589,0.11634970945589013
CHEMUNG,2012,0.14982146678831706,48128,0.11555730991266591
CHEMUNG,2013,0.14657500337548945,48804,0.11716737493231824
CHEMUNG,2014,0.14991937393579233,49685,0.12639808169231528
CHEMUNG,2015,0.14777889811594366,50320,0.12752539805377636
CHEMUNG,2016,0.1502017277928472,49578,0.13315887974295698
CHENANGO,2009,0.12222309443441401,43991,0.10109321058688148
CHENANGO,2010,0.1333921050053874,43943,0.10226981459858173
CHENANGO,2011,0.1364495550129952,44662,0.10499487413145005
CHENANGO,2012,0.1436918201624084,44127,0.09701704545454545
CHENANGO,2013,0.15275034416711558,43941,0.09564375053420325
CHENANGO,2014,0.16192748856982433,44427,0.09844352420391261
CHENANGO,2015,0.1562291872691679,45668,0.0949367088607595
CHENANGO,2016,0.15152375928255488,46979,0.09283575213084543
CLINTON,2009,0.11913644425417405,47786,0.13188605847659682
CLINTON,2010,0.12124302015052198,47489,0.12231479804383263
CLINTON,2011,0.12473105208776515,49260,0.11951968219573854
CLINTON,2012,0.12874448533892316,50522,0.12332202655889145
CLINTON,2013,0.13091064557503207,50282,0.1216501162434444
CLINTON,2014,0.1377017927629569,50985,0.1206471022717037
CLINTON,2015,0.14890126706249618,49930,0.1191702328280264
CLINTON,2016,0.14557389117232072,50502,0.11626854048571998
COLUMBIA,2009,0.08770914701769612,54573,0.14959323728582466
COLUMBIA,2010,0.08907196280893724,55546,0.15316374281975648
COLUMBIA,2011,0.08949329950043612,56185,0.15279313547702242
COLUMBIA,2012,0.09432101906776291,56445,0.1466065747613998
COLUMBIA,2013,0.09431343140696301,57336,0.14595547718756888
COLUMBIA,2014,0.10008796481407436,58625,0.1422187171398528
COLUMBIA,2015,0.11362649730685746,59105,0.14441446776776118
COLUMBIA,2016,0.12293889427740058,59916,0.15090420065163673
CORTLAND,2009,0.13566494492501088,44853,0.1508931044032124
CORTLAND,2010,0.13158214025721912,45338,0.14962775857484711
CORTLAND,2011,0.13929734430937885,45956,0.14142115530866647
CORTLAND,2012,0.1387580126584838,47497,0.1389391894116485
CORTLAND,2013,0.135799963467354,47151,0.13706970315276773
CORTLAND,2014,0.12538847474152465,48404,0.13174718249522177
CORTLAND,2015,0.13610505066982037,49514,0.13400302015626026
CORTLAND,2016,0.12746084207501077,50910,0.14133350781914544
DELAWARE,2009,0.1467939559250119,41656,0.10529261770010573
DELAWARE,2010,0.1291995022812111,42967,0.10995832224882504
DELAWARE,2011,0.13598452546849976,43554,0.10483632273722844
DELAWARE,2012,0.13918204426239786,43004,0.1082423629495226
DELAWARE,2013,0.13577309384936093,44470,0.1145879898673819
DELAWARE,2014,0.12894140567096543,44183,0.11569925983638489
DELAWARE,2015,0.14496492612097822,43720,0.1146062009442757
DELAWARE,2016,0.15032271944922548,46055,0.12266496846191169
DUTCHESS,2009,0.07502044923285431,68472,0.18077652935123759
DUTCHESS,2010,0.07898308976471542,69838,0.18161807691330098
DUTCHESS,2011,0.086685846342498707,71125,0.18019878988676652
DUTCHESS,2012,0.0857644530106865,71508,0.1818346209099768
DUTCHESS,2013,0.08458731946802966,72525,0.18010261631679295
DUTCHESS,2014,0.08339610206195273,72471,0.18356712829581354
DUTCHESS,2015,0.08833454574846428,71904,0.18314771844588143
DUTCHESS,2016,0.08638583329109005,72706,0.1867016631555058
ERIE,2009,0.1347079413695034,46609,0.16120865201148044
ERIE,2010,0.13619271343310155,47372,0.16420489954833695
ERIE,2011,0.13766127296094222,48805,0.16585154520073167
ERIE,2012,0.1374749603607013,49977,0.16794681169464099
ERIE,2013,0.14157283813626623,50653,0.17056564551945558
ERIE,2014,0.14298344509685085,51050,0.17159892767514454
ERIE,2015,0.1461776680150697,51247,0.17338356887813414
ERIE,2016,0.14322508022196462,52744,0.17797271872060208
ESSEX,2009,0.11785799034988267,44930,0.14969028332661363
ESSEX,2010,0.11982443677694338,45216,0.1494228677683051
ESSEX,2011,0.11360113829814264,46629,0.1457963446475196
ESSEX,2012,0.11569869495535373,47400,0.13622151195108392
ESSEX,2013,0.11081901942267935,47380,0.13142521345362784
ESSEX,2014,0.10644451269451269,50322,0.13371251292657704
ESSEX,2015,0.1000719572368421,52758,0.13416698331548585
ESSEX,2016,0.09425358826882221,53244,0.1363385718224428
FRANKLIN,2009,0.13068249493786477,40587,0.09042369962108164
FRANKLIN,2010,0.12397237750739888,42050,0.09386687663451534
FRANKLIN,2011,0.14799559088008354,43673,0.091712922931020055
FRANKLIN,2012,0.15435800224380053,45702,0.09297179192694473
FRANKLIN,2013,0.16918879170214413,45667,0.08644645977202763
FRANKLIN,2014,0.17474955346742255,47110,0.09115125280945642
FRANKLIN,2015,0.1796606864274571,47923,0.08954347096341055
FRANKLIN,2016,0.1706824553492658,49782,0.09193764666443179
FULTON,2009,0.1606549035997892,41425,0.08871599394287505
FULTON,2010,0.1653963277294268,43240,0.08746318019740582
FULTON,2011,0.1600548182342758,45289,0.0890545718131925
FULTON,2012,0.159868492358828,45333,0.08341718915292722
FULTON,2013,0.1567841928759177,44276,0.08413839297215138
FULTON,2014,0.15768179332968835,45722,0.08627896176273285
FULTON,2015,0.16664835366076988,46969,0.08736462093862817
FULTON,2016,0.16319501998268782,46090,0.09548050337218016
GENESEE,2009,0.10862768004398021,48197,0.10500062980224209
GENESEE,2010,0.11554243394715773,49750,0.12245695445109293
GENESEE,2011,0.12271954107327486,50861,0.12729218347195875
GENESEE,2012,0.1158821176156821,51734,0.12755546943125667
GENESEE,2013,0.1247327632282202,49922,0.1264967168791039
GENESEE,2014,0.12463569059662993,50573,0.12466020351704395
GENESEE,2015,0.13031047125702178,50880,0.12013206092153461
GENESEE,2016,0.12268640035222597,52641,0.1254312528649666
GREENE,2009,0.110472580546555,46213,0.10921977402805373
GREENE,2010,0.1217364905889496,46235,0.10796915167095116
GREENE,2011,0.13365653779057973,47033,0.10538655077767613
GREENE,2012,0.13580473107772484,47539,0.10797194790324889
GREENE,2013,0.1406352190974493,49655,0.11232556148511744
GREENE,2014,0.1294993623760747,49864,0.11622750916687985
GREENE,2015,0.12032207319092565,50278,0.1218092506885488
GREENE,2016,0.12120077388753667,51013,0.11843833895013423
HAMILTON,2009,0.1261225304330473,45242,0.14412585638162903
HAMILTON,2010,0.0943357783211084,49557,0.13819226750261232
HAMILTON,2011,0.09425051334702259,51142,0.12920168067226892
HAMILTON,2012,0.08810754912099276,51595,0.13365155131264916
HAMILTON,2013,0.09391232079783919,51522,0.13069094804499196
HAMILTON,2014,0.09429228517666736,52939,0.12438758845944475
HAMILTON,2015,0.12794117647058822,48243,0.13818386914833616
HAMILTON,2016,0.11198637428145625,52708,0.10825174825174826
HERKIMER,2009,0.1168980925383174,42048,0.10834454912516824
HERKIMER,2010,0.125629546726357,42318,0.10842174316284751
HERKIMER,2011,0.14342542810081735,42680,0.10932802929276948
HERKIMER,2012,0.1426909654905002,44288,0.11993986177183377
HERKIMER,2013,0.14665983733780344,45047,0.12114088700830591
HERKIMER,2014,0.15580842232896516,45649,0.12620335255705406
HERKIMER,2015,0.14281475466158602,46229,0.1311972336985809
HERKIMER,2016,0.13748072626577298,48893,0.12620371626203716
JEFFERSON,2009,0.14138356222628512,43447,0.10925871213719945
JEFFERSON,2010,0.13942069540884164,43410,0.11753172180050979
JEFFERSON,2011,0.1439439025021347,45559,0.12146841570798614
JEFFERSON,2012,0.14430267239832154,46549,0.11798178536491272
JEFFERSON,2013,0.14712931830308368,46484,0.11924637601956471
JEFFERSON,2014,0.14229717794507296,48613,0.11794058224518299
JEFFERSON,2015,0.1423995561048198,49505,0.11785163333243119
JEFFERSON,2016,0.1376328772697218,49911,0.11735330836454431
KINGS,2009,0.21586752503801998,42894,0.17690439284263118
KINGS,2010,0.21827425366327466,43567,0.17954581379419357
KINGS,2011,0.2196045322046129,44593,0.1811529166835254
KINGS,2012,0.2251581938441701,45215,0.1827298070343837
KINGS,2013,0.22969545895347998,46085,0.18751230959913698
KINGS,2014,0.23165192482809832,46958,0.19363844476595377
KINGS,2015,0.23019051277733746,48201,0.20073955130277066
KINGS,2016,0.22537451301416422,50640,0.2067970770287878
LEWIS,2009,0.1583285632512879,41719,0.08383919367770015
LEWIS,2010,0.14424251397268387,42846,0.08375013893520063
LEWIS,2011,0.13407552613085771,44281,0.08257943512797881
LEWIS,2012,0.13313871849826325,45187,0.0757434689742045
LEWIS,2013,0.13361369337464954,46840,0.07753879662401307
LEWIS,2014,0.13072448829332942,46990,0.07989592931866225
LEWIS,2015,0.11937767290960036,49819,0.08702702702702703
LEWIS,2016,0.13834065001660087,49976,0.08447809626825312
LIVINGSTON,2009,0.11017700516133118,51698,0.1298787492022974
LIVINGSTON,2010,0.10721107562537248,51690,0.134882181938503
LIVINGSTON,2011,0.10603025066144646,53231,0.13115839243498817
LIVINGSTON,2012,0.10477650847197731,54244,0.139062536859239
LIVINGSTON,2013,0.12174474165347919,53518,0.1404842011152154
LIVINGSTON,2014,0.13325728028119074,52200,0.13162735849056603
LIVINGSTON,2015,0.13396398203731424,51734,0.12969491844121656
LIVINGSTON,2016,0.13493856581350006,52724,0.13293916144623544
MADISON,2009,0.08944008702124005,51670,0.13190446203670386
MADISON,2010,0.09056484695487535,53345,0.13765303715774352
MADISON,2011,0.09296571709770901,53473,0.14307212954916382
MADISON,2012,0.09988078435671513,52293,0.1411268200042203
MADISON,2013,0.10398275649034171,53589,0.1478885135135135
MADISON,2014,0.10354594327040739,53584,0.15136737224896474
MADISON,2015,0.11294130641887694,54145,0.1478198773418466
MADISON,2016,0.11003065654954293,55858,0.14987606604209552
MONROE,2009,0.12606390467195447,51105,0.19788289723265018
MONROE,2010,0.13256636547349562,51303,0.1968533348657557
MONROE,2011,0.13924928276495288,52260,0.20111217492666136
MONROE,2012,0.14060095656774255,52700,0.20111572050187138
MONROE,2013,0.1452940735223991,52394,0.19983329273031475
MONROE,2014,0.1493337575326571,52501,0.20016944377284143
MONROE,2015,0.14704893268353092,52553,0.20256238452816125
MONROE,2016,0.14377846232695707,53568,0.20448035139392434
MONTGOMERY,2009,0.15146405658825465,42716,0.09212584215591915
MONTGOMERY,2010,0.14652117329061967,42603,0.08926367749897161
MONTGOMERY,2011,0.15926778033410022,43254,0.09405114085703406
MONTGOMERY,2012,0.18866566716641678,42830,0.09613420860685631
MONTGOMERY,2013,0.18371019012775144,44156,0.09942237003325748
MONTGOMERY,2014,0.18750375367860503,44167,0.09851599171987521
MONTGOMERY,2015,0.20195263062737298,43764,0.10129832239241429
MONTGOMERY,2016,0.20162280790061812,44455,0.09704173115673276
NASSAU,2009,0.04688876564552731,92450,0.2254444989666881
NASSAU,2010,0.048760686879600446,93613,0.22715588012538077
NASSAU,2011,0.051542184347914806,95823,0.22845081700352848
NASSAU,2012,0.05686137122846437,97049,0.22871214223441935
NASSAU,2013,0.05884213385524999,97690,0.22937111407336913
NASSAU,2014,0.06190947585556356,98401,0.2324648736573464
NASSAU,2015,0.06064171880951889,99465,0.23650412917142905
NASSAU,2016,0.05917006252206477,102044,0.23951260477232245
NEW YORK,2009,0.16852461686331943,66818,0.3030407802732076
NEW YORK,2010,0.17286251574988395,64971,0.2981692893139977
NEW YORK,2011,0.17128273321005355,67204,0.2997684790540034
NEW YORK,2012,0.17034511049109588,68370,0.3023507125983054
NEW YORK,2013,0.17202567539955846,69659,0.3096586998542565
NEW YORK,2014,0.17236674785806705,71656,0.31250885359530095
NEW YORK,2015,0.17403423243962746,72871,0.3157295636580214
NEW YORK,2016,0.1711613961928796,75513,0.31795142785807956
NIAGARA,2009,0.11997409290210752,45749,0.10768384300832778
NIAGARA,2010,0.1249398326421801,45964,0.11208519770808446
NIAGARA,2011,0.12567812771945416,46599,0.11926796507723304
NIAGARA,2012,0.1304402206893996,47736,0.1263234732760526
NIAGARA,2013,0.1342491820017172,47955,0.13072794274727623
NIAGARA,2014,0.13315160508528978,49091,0.13511910316053266
NIAGARA,2015,0.1345598879290217,49449,0.1357432927235204
NIAGARA,2016,0.13367608049715524,50094,0.13699569329898623
ONEIDA,2009,0.13594397240173312,45433,0.12684028819216214
ONEIDA,2010,0.1401636443485565,46708,0.1287302075423149
ONEIDA,2011,0.14230715117097067,48382,0.13144804600869553
ONEIDA,2012,0.1475530861668715,49148,0.13617985404383692
ONEIDA,2013,0.15021391424643263,48729,0.13389207634904562
ONEIDA,2014,0.15614420545087712,48931,0.13762911707030714
ONEIDA,2015,0.16167290351861208,48246,0.1385890612897584
ONEIDA,2016,0.1579889889975865,49838,0.14344216172958374
ONONDAGA,2009,0.12818445023201702,50129,0.18100320950038667
ONONDAGA,2010,0.13178881355347377,50676,0.18258412197686646
ONONDAGA,2011,0.13340330937944295,52636,0.18336608155779108
ONONDAGA,2012,0.13731206253391937,53593,0.1862203202022467
ONONDAGA,2013,0.1424009315028617,54242,0.18598163693768363
ONONDAGA,2014,0.14653112348935332,54498,0.18646437182578363
ONONDAGA,2015,0.14838011206395846,55092,0.18983246420420496
ONONDAGA,2016,0.1458925328490546,55717,0.19272764206998122
ONTARIO,2009,0.07747229019720743,55300,0.17811722912966252
ONTARIO,2010,0.08447948221038966,56468,0.1833998780014418
ONTARIO,2011,0.09359297655739236,57069,0.17793545559147445
ONTARIO,2012,0.09308629140056439,56455,0.17864209242444776
ONTARIO,2013,0.0921697703834329,56479,0.1843211518057402
ONTARIO,2014,0.10103234686854783,57318,0.17737731081260805
ONTARIO,2015,0.10051102644882409,57416,0.17156031375874498
ONTARIO,2016,0.09957058017359526,58070,0.17396337613134077
ORANGE,2009,0.1123601771885656,69255,0.15701194567173948
ORANGE,2010,0.10676632424007498,69523,0.1591662106791557
ORANGE,2011,0.11056307535909939,70294,0.1668263268186289
ORANGE,2012,0.1129933959152811,70712,0.1668686920240389
ORANGE,2013,0.1199244721878995,70458,0.16798737549420528
ORANGE,2014,0.12267501161492905,70794,0.16833592745482845
ORANGE,2015,0.12448852375167828,70848,0.17245303057121905
ORANGE,2016,0.12317072522472239,71910,0.16592366848008597
ORLEANS,2009,0.11755545068428504,46418,0.09142311905855745
ORLEANS,2010,0.1120248326345294,48063,0.09549308344489067
ORLEANS,2011,0.11331984841087164,47788,0.09822866344605476
ORLEANS,2012,0.1208047447377602,50113,0.10093426193307287
ORLEANS,2013,0.12519044605395777,48502,0.10467365848691579
ORLEANS,2014,0.14419184787724748,48015,0.10302764073798742
ORLEANS,2015,0.1462657568003033,46359,0.0959640346133045
ORLEANS,2016,0.14519051933807048,48731,0.09735645731604647
OSWEGO,2009,0.14565582129815444,45071,0.09438710661446947
OSWEGO,2010,0.14531173294059893,45333,0.09607434049688328
OSWEGO,2011,0.1492725398098293,47036,0.09728564504196535
OSWEGO,2012,0.15661791815165294,47288,0.0957647864635523
OSWEGO,2013,0.16585794395592665,48051,0.09885251476867656
OSWEGO,2014,0.1772577450085896,47646,0.10107941596333492
OSWEGO,2015,0.17836660257626896,47860,0.10315515775788789
OSWEGO,2016,0.17508484561831503,49571,0.10416848619446281
OTSEGO,2009,0.1440099217214831,44057,0.1419165105142619
OTSEGO,2010,0.13793048367516453,45268,0.1449747108017427
OTSEGO,2011,0.15274126322539275,45334,0.14723635638032526
OTSEGO,2012,0.14750510885481197,46358,0.15041125164624905
OTSEGO,2013,0.1432072095310258,47765,0.15153698963743445
OTSEGO,2014,0.1503447829324355,47884,0.14624732307385827
OTSEGO,2015,0.1510610922001987,48588,0.14231210413445713
OTSEGO,2016,0.1493300972465931,49689,0.1521733677794778
PUTNAM,2009,0.06548213619073565,88036,0.2123719995802036
PUTNAM,2010,0.06894369380682104,89218,0.22016176470588236
PUTNAM,2011,0.053641307619754774,92711,0.21335728472952448
PUTNAM,2012,0.057722011594551766,95259,0.21441030262507632
PUTNAM,2013,0.05710102489019034,95117,0.21619430854297542
PUTNAM,2014,0.05492642707403433,96262,0.2165151886153802
PUTNAM,2015,0.0523882277259569,96148,0.2178290448315043
PUTNAM,2016,0.05091139546112989,97606,0.22565896028322033
QUEENS,2009,0.12011049384341294,54870,0.1868672971731256
QUEENS,2010,0.12858766197595548,55291,0.1921522708946393
QUEENS,2011,0.13534467611903828,56406,0.1939845788056266
QUEENS,2012,0.14207152726075253,56780,0.19403696993897404
QUEENS,2013,0.14798351356142528,57001,0.1928253652163711
QUEENS,2014,0.15124076888470675,57210,0.19282234942682872
QUEENS,2015,0.14941904856681842,57720,0.1933524089149214
QUEENS,2016,0.14465255793154233,59758,0.19401727690940873
RENSSELAER,2009,0.10741536218984411,54221,0.14680340513054904
RENSSELAER,2010,0.11373078062649326,54152,0.1494205298013245
RENSSELAER,2011,0.116149962591086,56271,0.15116867537628162
RENSSELAER,2012,0.11382506396428034,58959,0.15526917868982584
RENSSELAER,2013,0.1272208817723185,59432,0.16260237927584034
RENSSELAER,2014,0.12518170426065162,60140,0.1629271882618095
RENSSELAER,2015,0.11998749218261413,60709,0.16152818692477997
RENSSELAER,2016,0.11918054001337842,61754,0.16911838195876758
RICHMOND,2009,0.09808596595801046,71206,0.16597671726976002
RICHMOND,2010,0.1014866760168303,71084,0.17222782873634884
RICHMOND,2011,0.10863155907079741,72752,0.17383469677398777
RICHMOND,2012,0.11152839397575443,73496,0.17533978553857552
RICHMOND,2013,0.11687220744200093,72569,0.17803130386643012
RICHMOND,2014,0.1217440543601359,74043,0.18581958274878377
RICHMOND,2015,0.12375100797704035,73197,0.18365307939817616
RICHMOND,2016,0.12788280332288243,74021,0.1870722081766048
ROCKLAND,2009,0.1079455630377601,82368,0.22235871576858085
ROCKLAND,2010,0.11024647991069236,82534,0.22481569930432976
ROCKLAND,2011,0.113634743846418,84661,0.22764002258842855
ROCKLAND,2012,0.12592184249914265,86020,0.23054270729143925
ROCKLAND,2013,0.13350408958037763,84951,0.22466993625313447
ROCKLAND,2014,0.1388810318492957,85808,0.22501496707244062
ROCKLAND,2015,0.14380955944718854,84855,0.22226734884918847
ROCKLAND,2016,0.14296960718071422,86134,0.22237384660101386
SAINT LAWRENCE,2009,0.14562337117967597,41670,0.0966426650472803
SAINT LAWRENCE,2010,0.1484370806419868,42303,0.10072701354240912
SAINT LAWRENCE,2011,0.15502329866110956,43390,0.09701598277034686
SAINT LAWRENCE,2012,0.16394788506157415,43745,0.10035912963875783
SAINT LAWRENCE,2013,0.17395648411643488,43647,0.10274403455554468
SAINT LAWRENCE,2014,0.17595857697629783,44454,0.10784872804150382
SAINT LAWRENCE,2015,0.17403647856014143,44705,0.10974256546826454
SAINT LAWRENCE,2016,0.1713186704803235,46313,0.11351381322687515
SARATOGA,2009,0.06330055290982073,64705,0.19674541248828253
SARATOGA,2010,0.06239413800721703,65100,0.19831336590589652
SARATOGA,2011,0.0637470254438953,67186,0.2028498249468884
SARATOGA,2012,0.06333017940973107,67712,0.21218198261963744
SARATOGA,2013,0.0641681248276205,69826,0.21681711693587638
SARATOGA,2014,0.06660314949306105,70581,0.2216253425803214
SARATOGA,2015,0.06516842886126181,71496,0.22975609134143388
SARATOGA,2016,0.06309991152763761,74080,0.23363103703282326
SCHENECTADY,2009,0.10517431582864814,54468,0.15897900500256038
SCHENECTADY,2010,0.10835268940679071,55188,0.1568731591907682
SCHENECTADY,2011,0.11637379413388768,55587,0.1571257370212358
SCHENECTADY,2012,0.11656934212059612,56445,0.1567371485847931
SCHENECTADY,2013,0.12354267185976063,56061,0.15881576573582612
SCHENECTADY,2014,0.12476639729858614,57025,0.15957225126922786
SCHENECTADY,2015,0.12292307294762139,58114,0.16354521377222853
SCHENECTADY,2016,0.11660047143918112,59959,0.1674172759478405
SCHOHARIE,2009,0.10250526514318047,49695,0.106459778736171
SCHOHARIE,2010,0.10735307572661563,50864,0.12287291817523534
SCHOHARIE,2011,0.10123298541170726,50795,0.11497458503890963
SCHOHARIE,2012,0.1051292270901677,51896,0.10934973953655469
SCHOHARIE,2013,0.10977039871620788,53245,0.10623825293117337
SCHOHARIE,2014,0.12285012285012285,51873,0.11089668790952338
SCHOHARIE,2015,0.12333531789552847,51195,0.11178834258883019
SCHOHARIE,2016,0.1349354217324028,50607,0.11949514210478525
SCHUYLER,2009,0.09647544453852668,44575,0.09649122807017543
SCHUYLER,2010,0.08057739954756006,47404,0.09570779070663482
SCHUYLER,2011,0.08718226068144944,47804,0.09069322098812715
SCHUYLER,2012,0.09046123863144219,47869,0.08575780654988575
SCHUYLER,2013,0.11127387152777778,46976,0.08678815489749431
SCHUYLER,2014,0.12937479683606024,49225,0.0954720689394512
SCHUYLER,2015,0.14095600217273221,47680,0.1008808251148084
SCHUYLER,2016,0.14272469458987783,47229,0.11154628304586879
SENECA,2009,0.122641233433779,45571,0.11982054429254667
SENECA,2010,0.1263417259055765,46707,0.11534182222771665
SENECA,2011,0.10689401234917578,47266,0.11575378834293183
SENECA,2012,0.10833852602957005,49155,0.11411252593466499
SENECA,2013,0.1123052122514777,47618,0.11371237458193979
SENECA,2014,0.11850022706630337,48932,0.11474817254397944
SENECA,2015,0.11612223992715684,49292,0.11921672485052767
SENECA,2016,0.11279826464208242,50073,0.11402664098860536
STEUBEN,2009,0.1360862279413286,42812,0.10083408030871606
STEUBEN,2010,0.1334325999756898,43867,0.10448005232177894
STEUBEN,2011,0.14801137225937655,44967,0.10130680306300446
STEUBEN,2012,0.14823420074349442,46519,0.107259320191545
STEUBEN,2013,0.15260078220533396,47476,0.11024233106376748
STEUBEN,2014,0.1560803501925857,47733,0.10789450575183679
STEUBEN,2015,0.16102974712410684,47280,0.11100213719003425
STEUBEN,2016,0.1483224827052195,48823,0.11628179408706857
SUFFOLK,2009,0.05258870120209553,84530,0.17557777824171694
SUFFOLK,2010,0.05644808802143337,84506,0.17706165544280258
SUFFOLK,2011,0.056320801088236304,87187,0.1802173686905867
SUFFOLK,2012,0.060072636629231554,87778,0.180907753771541
SUFFOLK,2013,0.06328306601872039,87763,0.18149849225669293
SUFFOLK,2014,0.06693802141200889,88323,0.1841665946531962
SUFFOLK,2015,0.06878304059017978,88663,0.18689599890514874
SUFFOLK,2016,0.07108795631887753,90128,0.18803348750073182
SULLIVAN,2009,0.14071966703545652,48586,0.12076690832868599
SULLIVAN,2010,0.16051529790660227,48103,0.11418575063613232
SULLIVAN,2011,0.16176034453857363,48303,0.1168765554536779
SULLIVAN,2012,0.16623997931212828,48050,0.11621611530132178
SULLIVAN,2013,0.17621282443539815,48089,0.11839619995137733
SULLIVAN,2014,0.17356812152109452,49388,0.12095036444377823
SULLIVAN,2015,0.16858378095113324,50710,0.12334801762114538
SULLIVAN,2016,0.16459152180221057,52027,0.12285929837797058
TIOGA,2009,0.09885440864057815,51011,0.1314724681874157
TIOGA,2010,0.095100920645425,51948,0.1355768135747637
TIOGA,2011,0.09364946282683721,53789,0.13007230965546576
TIOGA,2012,0.08719916971821333,56488,0.13175293851717904
TIOGA,2013,0.09252003386560081,55726,0.13742077863286556
TIOGA,2014,0.09384908053265695,56167,0.13930757026291932
TIOGA,2015,0.09563935536564473,57514,0.14484465687948106
TIOGA,2016,0.10886422687264598,58115,0.15619907950030015
TOMPKINS,2009,0.17717705775329828,46506,0.21001305239604698
TOMPKINS,2010,0.1636087146662426,48655,0.2125403735430417
TOMPKINS,2011,0.176467094909584,49789,0.20797950733384798
TOMPKINS,2012,0.1738210101407896,50539,0.20838526519872594
TOMPKINS,2013,0.17790163293243375,51393,0.20649747587485834
TOMPKINS,2014,0.17869915389759544,52836,0.21198920322536557
TOMPKINS,2015,0.17858552789947524,52624,0.22198809905095832
TOMPKINS,2016,0.1739076226646718,54133,0.22213656018503
ULSTER,2009,0.11155308247479477,57485,0.15620051090650092
ULSTER,2010,0.10727533345734262,57584,0.1595181141400027
ULSTER,2011,0.11637020414865087,58808,0.15608332415550905
ULSTER,2012,0.12335356900216968,58934,0.15631149404561243
ULSTER,2013,0.12004217787199455,58590,0.15750512014758533
ULSTER,2014,0.1177601074901706,58592,0.1636396247455803
ULSTER,2015,0.1229453943739658,58918,0.16489721106874083
ULSTER,2016,0.12453948644081882,60393,0.1691818780761927
WARREN,2009,0.09896110612536696,50168,0.14858205083866505
WARREN,2010,0.09752385590576347,51619,0.15408346902048162
WARREN,2011,0.10464214575699059,53877,0.1615142224493272
WARREN,2012,0.1091476407914764,54909,0.15633096886548017
WARREN,2013,0.10764820687972676,55904,0.15591659096190819
WARREN,2014,0.11760567688260842,56601,0.15561941386523548
WARREN,2015,0.11790426511199754,56798,0.15043498507715428
WARREN,2016,0.10905701653032614,57174,0.15540184314304392
WASHINGTON,2009,0.11157699324648722,46886,0.09694137244921568
WASHINGTON,2010,0.10805541465888917,48327,0.09518921508246082
WASHINGTON,2011,0.11210308038116946,50117,0.09506361551948928
WASHINGTON,2012,0.11917664955314698,50864,0.10059622540009862
WASHINGTON,2013,0.12478454069611146,52361,0.10993407084590456
WASHINGTON,2014,0.12335081862978858,51494,0.10777705622858678
WASHINGTON,2015,0.1276555023923445,51143,0.1172973335419414
WASHINGTON,2016,0.12210037621067799,51449,0.11881055498504264
WAYNE,2009,0.10781382967116891,52351,0.1308373395490377
WAYNE,2010,0.10895423580413009,52562,0.12940104902792174
WAYNE,2011,0.10880292220275986,54380,0.12234150610222994
WAYNE,2012,0.11073430613205529,53497,0.1251440137007629
WAYNE,2013,0.11124817643525273,52601,0.13253424657534246
WAYNE,2014,0.11762679384628635,51597,0.12788419677840662
WAYNE,2015,0.12488097299168975,50798,0.12291270014669621
WAYNE,2016,0.11712780547271263,51627,0.12794628603624753
WESTCHESTER,2009,0.07698751382961909,79585,0.22034778542928735
WESTCHESTER,2010,0.0804103869892251,79619,0.22392970607534504
WESTCHESTER,2011,0.0868616223051335,80725,0.22514006805760836
WESTCHESTER,2012,0.09054362799625773,81093,0.22710489276347198
WESTCHESTER,2013,0.09219969402363108,81946,0.23114419623760973
WESTCHESTER,2014,0.09332975863513035,83422,0.2339327812183175
WESTCHESTER,2015,0.09381845624227889,83958,0.23661601376092517
WESTCHESTER,2016,0.0955398569378341,86226,0.2388221079326098
WYOMING,2009,0.0931611669057867,48943,0.08861832734178933
WYOMING,2010,0.096797035428517475,50075,0.09281316916488223
WYOMING,2011,0.09087464178291453,51312,0.09318613881199346
WYOMING,2012,0.09481611707687922,50635,0.0905368971141364
WYOMING,2013,0.09493595401092479,51100,0.0906217771715626
WYOMING,2014,0.09263657957244656,53012,0.09206709126679782
WYOMING,2015,0.10676542971577474,52564,0.097056939621751
WYOMING,2016,0.10456121632435315,53612,0.09435047361299052
YATES,2009,0.12146293729103808,44947,0.1239286394514634
YATES,2010,0.1379009900990099,46822,0.11780249493025256
YATES,2011,0.1465551258779891,48125,0.11693450206963721
YATES,2012,0.15174943789199638,48245,0.1189389791324451
YATES,2013,0.15091131933736607,49335,0.11519533385989428
YATES,2014,0.1465923025196788,50061,0.12324625060474118
YATES,2015,0.13681661174415374,49510,0.12205891247807416
YATES,2016,0.1321994742292679,50105,0.13113058293781185
